Customer Name,Email
Edward Collier,edward.collier@mail.org
Catherine Roberts,catherine.roberts@example.com
Matthew Wallace,matthew.wallace@mycompany.net
Cheryl Kelley,cheryl.kelley@webmail.in
Amy Huff,amy.huff@mycompany.net
Julie Watson,julie.watson@webmail.in
Jay Williams,jay.williams@webmail.in
Caleb Rivas,caleb.rivas@webmail.in
Carly Mcdonald,carly.mcdonald@mycompany.net
Megan Rosales,megan.rosales@mycompany.net
Madison Perez,madison.perez@mycompany.net
Lisa Garcia,lisa.garcia@mail.org
Vincent Nguyen,vincent.nguyen@webmail.in
Kimberly Braun,kimberly.braun@webmail.in
Christine Hunter,christine.hunter@example.com
Thomas Drake,thomas.drake@mail.org
Felicia Williams,felicia.williams@example.com
Charles Perez,charles.perez@mycompany.net
Alicia Williams,alicia.williams@example.com
Thomas Smith,thomas.smith@example.com
Kelly Cortez DDS,kelly.cortez.dds@mycompany.net
Julie Ball,julie.ball@mycompany.net
Holly Brown,holly.brown@example.com
Lori Kirk DDS,lori.kirk.dds@example.com
William Crawford,william.crawford@example.com
Timothy Carney,timothy.carney@mycompany.net
William Ford,william.ford@webmail.in
Deanna Sanchez,deanna.sanchez@webmail.in
Nicole Mckenzie,nicole.mckenzie@mail.org
Melvin Moreno,melvin.moreno@webmail.in
Corey Roberts,corey.roberts@webmail.in
Mark Morris,mark.morris@example.com
Kelly Cook,kelly.cook@example.com
Michael Johnston,michael.johnston@mail.org
Carl Love,carl.love@mail.org
Andres Adams,andres.adams@example.com
Edward Bennett,edward.bennett@example.com
Mary Miller,mary.miller@webmail.in
Christopher Wright,christopher.wright@mycompany.net
Tracy Rogers,tracy.rogers@mycompany.net
Edward Turner,edward.turner@webmail.in
Heather Reid,heather.reid@mycompany.net
Jeremiah Smith,jeremiah.smith@mycompany.net
Kyle Hartman,kyle.hartman@mycompany.net
Mrs. Sheila Perry,mrs..sheila.perry@mail.org
Joshua Walker,joshua.walker@webmail.in
Sandra Davidson,sandra.davidson@mycompany.net
David Roberts,david.roberts@mycompany.net
Hunter Pitts,hunter.pitts@example.com
Melissa Hill,melissa.hill@webmail.in
Joseph Hernandez,joseph.hernandez@mail.org
Kimberly Rodriguez,kimberly.rodriguez@mail.org
Ryan Anderson,ryan.anderson@webmail.in
Lori Butler,lori.butler@webmail.in
Ashley Meyer,ashley.meyer@example.com
Kimberly Wu,kimberly.wu@webmail.in
David Leon,david.leon@mail.org
Kathleen James,kathleen.james@webmail.in
Luis Wilson,luis.wilson@example.com
Julie Singh,julie.singh@example.com
Samuel Hall,samuel.hall@example.com
Stephanie Casey,stephanie.casey@example.com
Amy Myers,amy.myers@webmail.in
Joseph Gibson,joseph.gibson@example.com
Christina Hale,christina.hale@mail.org
Jennifer Davis,jennifer.davis@example.com
Shane Ramirez,shane.ramirez@example.com
James Marshall,james.marshall@mycompany.net
Sara Baker,sara.baker@mail.org
Donald Houston,donald.houston@mycompany.net
Lisa Ramirez,lisa.ramirez@mycompany.net
Amber Howell,amber.howell@mycompany.net
Lisa Parker,lisa.parker@mail.org
Sue Adams,sue.adams@mycompany.net
Shannon Davis,shannon.davis@webmail.in
Jacob Bell,jacob.bell@mail.org
Mark Knight,mark.knight@mycompany.net
Samuel Johnson,samuel.johnson@mycompany.net
Rachel Sharp,rachel.sharp@example.com
Margaret Johnson,margaret.johnson@example.com
Tyler Thomas,tyler.thomas@mail.org
Robert Rodriguez,robert.rodriguez@example.com
Margaret Hendrix,margaret.hendrix@mycompany.net
Seth Todd,seth.todd@example.com
William Kim,william.kim@example.com
Vicki May,vicki.may@example.com
April Jones,april.jones@webmail.in
Jeremy Garcia Jr.,jeremy.garcia.jr.@webmail.in
Kara Phillips,kara.phillips@mycompany.net
Jessica White,jessica.white@example.com
Ashley Davis,ashley.davis@webmail.in
Ann Martin,ann.martin@example.com
Luke Howell,luke.howell@example.com
Michael Hobbs,michael.hobbs@mycompany.net
Lee Gonzalez,lee.gonzalez@mail.org
Kevin Frey,kevin.frey@mail.org
Meghan Stevens,meghan.stevens@mail.org
Steven Johnson,steven.johnson@example.com
George Lynch,george.lynch@mycompany.net
Brianna Bailey,brianna.bailey@mycompany.net
Robert Brown,robert.brown@mycompany.net
Nathan Trujillo,nathan.trujillo@mail.org
Andrew Williams Jr.,andrew.williams.jr.@webmail.in
Christy Hughes,christy.hughes@webmail.in
Jeremy Rowe,jeremy.rowe@webmail.in
Danielle Butler,danielle.butler@mail.org
Jesse Ayers,jesse.ayers@example.com
Kelly Winters,kelly.winters@mycompany.net
Michelle Yang,michelle.yang@example.com
Lisa Scott,lisa.scott@example.com
Matthew Wright,matthew.wright@example.com
Krystal Jones,krystal.jones@example.com
Thomas Ramirez,thomas.ramirez@example.com
Walter Ryan,walter.ryan@mail.org
Jessica Sutton,jessica.sutton@mycompany.net
Andrew Reese,andrew.reese@example.com
Michael Washington,michael.washington@mycompany.net
Andrew Solomon,andrew.solomon@mail.org
Ronald Barry,ronald.barry@example.com
Mitchell Phillips,mitchell.phillips@webmail.in
Olivia Rose,olivia.rose@mycompany.net
Daniel Walter,daniel.walter@mail.org
Emily Johnson,emily.johnson@webmail.in
Larry Sandoval,larry.sandoval@mail.org
Mrs. Jennifer Lopez,mrs..jennifer.lopez@mail.org
Michelle Garner,michelle.garner@webmail.in
Cynthia Willis,cynthia.willis@mycompany.net
Jason Bean MD,jason.bean.md@webmail.in
Denise Mcclain,denise.mcclain@mycompany.net
George Oneill,george.oneill@example.com
Kevin Thompson,kevin.thompson@example.com
Jason Diaz,jason.diaz@mail.org
Jasmine Thomas,jasmine.thomas@mail.org
Kyle Johnson,kyle.johnson@mycompany.net
Rachel Little,rachel.little@mail.org
Thomas Wallace,thomas.wallace@example.com
Michelle Molina,michelle.molina@webmail.in
Taylor Mendoza,taylor.mendoza@example.com
Katie Mendoza,katie.mendoza@mycompany.net
Lisa Smith,lisa.smith@mycompany.net
Brenda Dunn,brenda.dunn@mail.org
Eric Melendez,eric.melendez@example.com
Matthew Kramer,matthew.kramer@example.com
Angela Vargas,angela.vargas@mycompany.net
Joyce Lewis,joyce.lewis@mail.org
Robert Henry,robert.henry@mail.org
Corey Short,corey.short@webmail.in
Lori Wright,lori.wright@mycompany.net
Jennifer Mcbride,jennifer.mcbride@mycompany.net
Susan Morrow,susan.morrow@example.com
Anthony Wilson,anthony.wilson@mycompany.net
Betty Johnson,betty.johnson@webmail.in
Mary Blanchard,mary.blanchard@webmail.in
Christopher Lewis,christopher.lewis@example.com
Paul Mckee,paul.mckee@mycompany.net
Taylor Wood,taylor.wood@example.com
Robert Doyle,robert.doyle@example.com
Joseph Camacho,joseph.camacho@mail.org
Andrew Jones,andrew.jones@example.com
Amy Melendez,amy.melendez@mail.org
Jason Miller,jason.miller@mail.org
Cynthia Wells,cynthia.wells@mycompany.net
Jack Campbell,jack.campbell@webmail.in
Katherine Brown,katherine.brown@mycompany.net
John Pham,john.pham@mail.org
Mr. Bruce Henderson,mr..bruce.henderson@webmail.in
Cindy Davis,cindy.davis@webmail.in
Courtney Gonzales,courtney.gonzales@mail.org
Brian Cook,brian.cook@example.com
Dr. Christy Thomas,dr..christy.thomas@webmail.in
Patricia Rocha,patricia.rocha@mail.org
Steven Anderson,steven.anderson@mail.org
Christine Duncan,christine.duncan@mycompany.net
Mr. Mark Ryan MD,mr..mark.ryan.md@example.com
Taylor Hall,taylor.hall@mail.org
Ronnie Schroeder,ronnie.schroeder@mail.org
Natalie Wilson,natalie.wilson@mycompany.net
David Parks,david.parks@mycompany.net
Wanda Wilkinson,wanda.wilkinson@mail.org
Brian Brown,brian.brown@mail.org
Karina Brewer,karina.brewer@webmail.in
Derek Mahoney,derek.mahoney@mycompany.net
Kelly Bates,kelly.bates@example.com
Brian Gallagher,brian.gallagher@webmail.in
Thomas Warner,thomas.warner@example.com
Bradley Kramer,bradley.kramer@mail.org
Ryan Harmon,ryan.harmon@mail.org
David Perkins,david.perkins@example.com
Nancy Beasley,nancy.beasley@mail.org
Nancy Smith,nancy.smith@webmail.in
Charles Gilbert,charles.gilbert@mycompany.net
Susan Suarez,susan.suarez@mycompany.net
Tracy Rose,tracy.rose@mail.org
Derek Howell,derek.howell@example.com
Derrick Huber,derrick.huber@webmail.in
Tyrone Brown,tyrone.brown@mail.org
Matthew Black,matthew.black@mycompany.net
Isaac Khan,isaac.khan@mycompany.net
Jacob Wright,jacob.wright@example.com
Christopher Hall,christopher.hall@mail.org
Amy Knight,amy.knight@webmail.in
Heather Mcmahon,heather.mcmahon@mycompany.net
Jill Harper,jill.harper@mycompany.net
Diane Butler,diane.butler@webmail.in
Ryan Grant,ryan.grant@webmail.in
Austin Santos,austin.santos@mail.org
Tiffany Williams,tiffany.williams@example.com
Mark Rodriguez,mark.rodriguez@webmail.in
Patrick Baxter,patrick.baxter@mail.org
Tina Mitchell,tina.mitchell@mycompany.net
Mrs. Carrie Butler,mrs..carrie.butler@mail.org
Regina Rogers,regina.rogers@mail.org
Ashley Martinez,ashley.martinez@webmail.in
Jessica King,jessica.king@webmail.in
William Chavez,william.chavez@example.com
Nancy Shepard,nancy.shepard@mail.org
Chelsea Salinas,chelsea.salinas@webmail.in
Robert Ortega,robert.ortega@mail.org
Elizabeth Roth,elizabeth.roth@mycompany.net
Mark Wilson,mark.wilson@mycompany.net
Jennifer Johnson,jennifer.johnson@mail.org
Alicia Ellis,alicia.ellis@example.com
David Garcia,david.garcia@mycompany.net
Jessica Dean,jessica.dean@mail.org
Cheryl Wilson,cheryl.wilson@mail.org
Erin Mcpherson,erin.mcpherson@example.com
Christina Yates,christina.yates@webmail.in
Michael Sanchez,michael.sanchez@webmail.in
Derrick Shannon,derrick.shannon@webmail.in
Cassie James,cassie.james@example.com
Michelle Weber,michelle.weber@webmail.in
Kristen Vaughn,kristen.vaughn@example.com
Stephanie Stone,stephanie.stone@mail.org
Terry Huber,terry.huber@example.com
Jeremy Barnes,jeremy.barnes@mycompany.net
Joseph Wells,joseph.wells@mail.org
Cheryl Wilson,cheryl.wilson@mycompany.net
James Williams,james.williams@webmail.in
Dr. Holly Juarez,dr..holly.juarez@mail.org
Angela Schneider,angela.schneider@mycompany.net
Zachary Hartman,zachary.hartman@webmail.in
Karen Richmond,karen.richmond@webmail.in
Jamie Gates,jamie.gates@mycompany.net
Cassandra Marshall,cassandra.marshall@example.com
Patricia Lopez,patricia.lopez@mycompany.net
Donna Perry,donna.perry@example.com
James Bradford,james.bradford@example.com
Michael Olson,michael.olson@webmail.in
Ashley Mccullough,ashley.mccullough@mail.org
Ann Foster,ann.foster@example.com
Lori Hill,lori.hill@webmail.in
Andrea Martinez,andrea.martinez@webmail.in
Suzanne Rhodes,suzanne.rhodes@mycompany.net
Amanda Ferguson,amanda.ferguson@example.com
Nicholas Ware,nicholas.ware@mycompany.net
Laura Gordon,laura.gordon@mail.org
Angel Bradley,angel.bradley@mail.org
Christine Gray,christine.gray@webmail.in
Mario Hill,mario.hill@mycompany.net
Teresa Fletcher,teresa.fletcher@webmail.in
Mary Higgins,mary.higgins@example.com
Rebecca Dawson,rebecca.dawson@mail.org
Gerald Thomas,gerald.thomas@mycompany.net
Michael Hendricks,michael.hendricks@mail.org
Karen Garrison,karen.garrison@example.com
Holly Thomas,holly.thomas@mycompany.net
Jonathan Harrison,jonathan.harrison@mycompany.net
Henry Jackson,henry.jackson@mycompany.net
Michele Alexander,michele.alexander@mail.org
Diana Thompson,diana.thompson@webmail.in
Richard Warner,richard.warner@mail.org
Elizabeth Bender,elizabeth.bender@mycompany.net
Philip Hanson,philip.hanson@example.com
Joseph Mcbride,joseph.mcbride@mycompany.net
Matthew Sims,matthew.sims@webmail.in
Brian Jackson,brian.jackson@mail.org
Victor Lee,victor.lee@webmail.in
Karen Giles,karen.giles@webmail.in
Gary Carter,gary.carter@webmail.in
Karen Rivera,karen.rivera@webmail.in
Megan Burton,megan.burton@mail.org
Christopher Cook,christopher.cook@mycompany.net
Nicole Haynes,nicole.haynes@example.com
Jacqueline Wagner,jacqueline.wagner@example.com
Nicole Richardson,nicole.richardson@mail.org
Sheila Kaiser,sheila.kaiser@mycompany.net
Ana Lambert,ana.lambert@mail.org
Jerry Melton,jerry.melton@example.com
Veronica Jones,veronica.jones@mail.org
