Customer ID,Customer name,Email
C248,Edward Collier,edward.collier@mail.org
C110,Catherine Roberts,catherine.roberts@example.com
C206,Matthew Wallace,matthew.wallace@mycompany.net
C247,Cheryl Kelley,cheryl.kelley@webmail.in
C282,Amy Huff,amy.huff@mycompany.net
C274,Julie Watson,julie.watson@webmail.in
C230,Jay Williams,jay.williams@webmail.in
C299,Caleb Rivas,caleb.rivas@webmail.in
C029,Carly Mcdonald,carly.mcdonald@mycompany.net
C069,Megan Rosales,megan.rosales@mycompany.net
C049,Madison Perez,madison.perez@mycompany.net
C018,Lisa Garcia,lisa.garcia@mail.org
C258,Vincent Nguyen,vincent.nguyen@webmail.in
C194,Kimberly Braun,kimberly.braun@webmail.in
C116,Christine Hunter,christine.hunter@example.com
C146,Thomas Drake,thomas.drake@mail.org
C186,Felicia Williams,felicia.williams@example.com
C088,Charles Perez,charles.perez@mycompany.net
C241,Alicia Williams,alicia.williams@example.com
C169,Thomas Smith,thomas.smith@example.com
C266,Kelly Cortez DDS,kelly.cortez.dds@mycompany.net
C268,Julie Ball,julie.ball@mycompany.net
C175,Holly Brown,holly.brown@example.com
C289,Lori Kirk DDS,lori.kirk.dds@example.com
C035,William Crawford,william.crawford@example.com
C197,Timothy Carney,timothy.carney@mycompany.net
C201,William Ford,william.ford@webmail.in
C290,Deanna Sanchez,deanna.sanchez@webmail.in
C153,Nicole Mckenzie,nicole.mckenzie@mail.org
C111,Melvin Moreno,melvin.moreno@webmail.in
C095,Corey Roberts,corey.roberts@webmail.in
C254,Mark Morris,mark.morris@example.com
C043,Kelly Cook,kelly.cook@example.com
C273,Michael Johnston,michael.johnston@mail.org
C135,Carl Love,carl.love@mail.org
C182,Andres Adams,andres.adams@example.com
C003,Edward Bennett,edward.bennett@example.com
C202,Mary Miller,mary.miller@webmail.in
C231,Christopher Wright,christopher.wright@mycompany.net
C300,Tracy Rogers,tracy.rogers@mycompany.net
C257,Edward Turner,edward.turner@webmail.in
C099,Heather Reid,heather.reid@mycompany.net
C210,Jeremiah Smith,jeremiah.smith@mycompany.net
C034,Kyle Hartman,kyle.hartman@mycompany.net
C054,Mrs. Sheila Perry,mrs..sheila.perry@mail.org
C219,Joshua Walker,joshua.walker@webmail.in
C122,Sandra Davidson,sandra.davidson@mycompany.net
C129,David Roberts,david.roberts@mycompany.net
C148,Hunter Pitts,hunter.pitts@example.com
C177,Melissa Hill,melissa.hill@webmail.in
C240,Joseph Hernandez,joseph.hernandez@mail.org
C199,Kimberly Rodriguez,kimberly.rodriguez@mail.org
C156,Ryan Anderson,ryan.anderson@webmail.in
C001,Lori Butler,lori.butler@webmail.in
C071,Ashley Meyer,ashley.meyer@example.com
C249,Kimberly Wu,kimberly.wu@webmail.in
C019,David Leon,david.leon@mail.org
C016,Kathleen James,kathleen.james@webmail.in
C024,Luis Wilson,luis.wilson@example.com
C031,Julie Singh,julie.singh@example.com
C050,Samuel Hall,samuel.hall@example.com
C238,Stephanie Casey,stephanie.casey@example.com
C098,Amy Myers,amy.myers@webmail.in
C196,Joseph Gibson,joseph.gibson@example.com
C058,Christina Hale,christina.hale@mail.org
C070,Jennifer Davis,jennifer.davis@example.com
C278,Shane Ramirez,shane.ramirez@example.com
C151,James Marshall,james.marshall@mycompany.net
C220,Sara Baker,sara.baker@mail.org
C217,Donald Houston,donald.houston@mycompany.net
C270,Lisa Ramirez,lisa.ramirez@mycompany.net
C017,Amber Howell,amber.howell@mycompany.net
C255,Lisa Parker,lisa.parker@mail.org
C005,Sue Adams,sue.adams@mycompany.net
C204,Shannon Davis,shannon.davis@webmail.in
C297,Jacob Bell,jacob.bell@mail.org
C009,Mark Knight,mark.knight@mycompany.net
C218,Samuel Johnson,samuel.johnson@mycompany.net
C187,Rachel Sharp,rachel.sharp@example.com
C158,Margaret Johnson,margaret.johnson@example.com
C174,Tyler Thomas,tyler.thomas@mail.org
C195,Robert Rodriguez,robert.rodriguez@example.com
C244,Margaret Hendrix,margaret.hendrix@mycompany.net
C144,Seth Todd,seth.todd@example.com
C082,William Kim,william.kim@example.com
C124,Vicki May,vicki.may@example.com
C142,April Jones,april.jones@webmail.in
C041,Jeremy Garcia Jr.,jeremy.garcia.jr.@webmail.in
C181,Kara Phillips,kara.phillips@mycompany.net
C083,Jessica White,jessica.white@example.com
C209,Ashley Davis,ashley.davis@webmail.in
C178,Ann Martin,ann.martin@example.com
C245,Luke Howell,luke.howell@example.com
C281,Michael Hobbs,michael.hobbs@mycompany.net
C271,Lee Gonzalez,lee.gonzalez@mail.org
C120,Kevin Frey,kevin.frey@mail.org
C068,Meghan Stevens,meghan.stevens@mail.org
C118,Steven Johnson,steven.johnson@example.com
C188,George Lynch,george.lynch@mycompany.net
C185,Brianna Bailey,brianna.bailey@mycompany.net
C062,Robert Brown,robert.brown@mycompany.net
C226,Nathan Trujillo,nathan.trujillo@mail.org
C008,Andrew Williams Jr.,andrew.williams.jr.@webmail.in
C275,Christy Hughes,christy.hughes@webmail.in
C007,Jeremy Rowe,jeremy.rowe@webmail.in
C157,Danielle Butler,danielle.butler@mail.org
C277,Jesse Ayers,jesse.ayers@example.com
C057,Kelly Winters,kelly.winters@mycompany.net
C260,Michelle Yang,michelle.yang@example.com
C060,Lisa Scott,lisa.scott@example.com
C286,Matthew Wright,matthew.wright@example.com
C189,Krystal Jones,krystal.jones@example.com
C136,Thomas Ramirez,thomas.ramirez@example.com
C046,Walter Ryan,walter.ryan@mail.org
C147,Jessica Sutton,jessica.sutton@mycompany.net
C096,Andrew Reese,andrew.reese@example.com
C223,Michael Washington,michael.washington@mycompany.net
C267,Andrew Solomon,andrew.solomon@mail.org
C065,Ronald Barry,ronald.barry@example.com
C075,Mitchell Phillips,mitchell.phillips@webmail.in
C013,Olivia Rose,olivia.rose@mycompany.net
C093,Daniel Walter,daniel.walter@mail.org
C073,Emily Johnson,emily.johnson@webmail.in
C113,Larry Sandoval,larry.sandoval@mail.org
C163,Mrs. Jennifer Lopez,mrs..jennifer.lopez@mail.org
C102,Michelle Garner,michelle.garner@webmail.in
C213,Cynthia Willis,cynthia.willis@mycompany.net
C126,Jason Bean MD,jason.bean.md@webmail.in
C165,Denise Mcclain,denise.mcclain@mycompany.net
C293,George Oneill,george.oneill@example.com
C155,Kevin Thompson,kevin.thompson@example.com
C072,Jason Diaz,jason.diaz@mail.org
C087,Jasmine Thomas,jasmine.thomas@mail.org
C137,Kyle Johnson,kyle.johnson@mycompany.net
C080,Rachel Little,rachel.little@mail.org
C140,Thomas Wallace,thomas.wallace@example.com
C172,Michelle Molina,michelle.molina@webmail.in
C160,Taylor Mendoza,taylor.mendoza@example.com
C037,Katie Mendoza,katie.mendoza@mycompany.net
C117,Lisa Smith,lisa.smith@mycompany.net
C027,Brenda Dunn,brenda.dunn@mail.org
C269,Eric Melendez,eric.melendez@example.com
C076,Matthew Kramer,matthew.kramer@example.com
C207,Angela Vargas,angela.vargas@mycompany.net
C143,Joyce Lewis,joyce.lewis@mail.org
C056,Robert Henry,robert.henry@mail.org
C193,Corey Short,corey.short@webmail.in
C176,Lori Wright,lori.wright@mycompany.net
C259,Jennifer Mcbride,jennifer.mcbride@mycompany.net
C179,Susan Morrow,susan.morrow@example.com
C256,Anthony Wilson,anthony.wilson@mycompany.net
C253,Betty Johnson,betty.johnson@webmail.in
C006,Mary Blanchard,mary.blanchard@webmail.in
C133,Christopher Lewis,christopher.lewis@example.com
C294,Paul Mckee,paul.mckee@mycompany.net
C296,Taylor Wood,taylor.wood@example.com
C125,Robert Doyle,robert.doyle@example.com
C066,Joseph Camacho,joseph.camacho@mail.org
C222,Andrew Jones,andrew.jones@example.com
C192,Amy Melendez,amy.melendez@mail.org
C212,Jason Miller,jason.miller@mail.org
C232,Cynthia Wells,cynthia.wells@mycompany.net
C233,Jack Campbell,jack.campbell@webmail.in
C235,Katherine Brown,katherine.brown@mycompany.net
C004,John Pham,john.pham@mail.org
C285,Mr. Bruce Henderson,mr..bruce.henderson@webmail.in
C064,Cindy Davis,cindy.davis@webmail.in
C012,Courtney Gonzales,courtney.gonzales@mail.org
C162,Brian Cook,brian.cook@example.com
C291,Dr. Christy Thomas,dr..christy.thomas@webmail.in
C119,Patricia Rocha,patricia.rocha@mail.org
C239,Steven Anderson,steven.anderson@mail.org
C045,Christine Duncan,christine.duncan@mycompany.net
C039,Mr. Mark Ryan MD,mr..mark.ryan.md@example.com
C292,Taylor Hall,taylor.hall@mail.org
C036,Ronnie Schroeder,ronnie.schroeder@mail.org
C236,Natalie Wilson,natalie.wilson@mycompany.net
C276,David Parks,david.parks@mycompany.net
C198,Wanda Wilkinson,wanda.wilkinson@mail.org
C216,Brian Brown,brian.brown@mail.org
C215,Karina Brewer,karina.brewer@webmail.in
C091,Derek Mahoney,derek.mahoney@mycompany.net
C287,Kelly Bates,kelly.bates@example.com
C077,Brian Gallagher,brian.gallagher@webmail.in
C145,Thomas Warner,thomas.warner@example.com
C214,Bradley Kramer,bradley.kramer@mail.org
C183,Ryan Harmon,ryan.harmon@mail.org
C263,David Perkins,david.perkins@example.com
C264,Nancy Beasley,nancy.beasley@mail.org
C042,Nancy Smith,nancy.smith@webmail.in
C154,Charles Gilbert,charles.gilbert@mycompany.net
C203,Susan Suarez,susan.suarez@mycompany.net
C161,Tracy Rose,tracy.rose@mail.org
C028,Derek Howell,derek.howell@example.com
C184,Derrick Huber,derrick.huber@webmail.in
C121,Tyrone Brown,tyrone.brown@mail.org
C020,Matthew Black,matthew.black@mycompany.net
C128,Isaac Khan,isaac.khan@mycompany.net
C168,Jacob Wright,jacob.wright@example.com
C288,Christopher Hall,christopher.hall@mail.org
C030,Amy Knight,amy.knight@webmail.in
C114,Heather Mcmahon,heather.mcmahon@mycompany.net
C115,Jill Harper,jill.harper@mycompany.net
C234,Diane Butler,diane.butler@webmail.in
C190,Ryan Grant,ryan.grant@webmail.in
C227,Austin Santos,austin.santos@mail.org
C061,Tiffany Williams,tiffany.williams@example.com
C074,Mark Rodriguez,mark.rodriguez@webmail.in
C283,Patrick Baxter,patrick.baxter@mail.org
C243,Tina Mitchell,tina.mitchell@mycompany.net
C191,Mrs. Carrie Butler,mrs..carrie.butler@mail.org
C103,Regina Rogers,regina.rogers@mail.org
C150,Ashley Martinez,ashley.martinez@webmail.in
C109,Jessica King,jessica.king@webmail.in
C130,William Chavez,william.chavez@example.com
C067,Nancy Shepard,nancy.shepard@mail.org
C052,Chelsea Salinas,chelsea.salinas@webmail.in
C251,Robert Ortega,robert.ortega@mail.org
C164,Elizabeth Roth,elizabeth.roth@mycompany.net
C105,Mark Wilson,mark.wilson@mycompany.net
C225,Jennifer Johnson,jennifer.johnson@mail.org
C246,Alicia Ellis,alicia.ellis@example.com
C023,David Garcia,david.garcia@mycompany.net
C180,Jessica Dean,jessica.dean@mail.org
C171,Cheryl Wilson,cheryl.wilson@mail.org
C038,Erin Mcpherson,erin.mcpherson@example.com
C205,Christina Yates,christina.yates@webmail.in
C002,Michael Sanchez,michael.sanchez@webmail.in
C262,Derrick Shannon,derrick.shannon@webmail.in
C132,Cassie James,cassie.james@example.com
C092,Michelle Weber,michelle.weber@webmail.in
C112,Kristen Vaughn,kristen.vaughn@example.com
C141,Stephanie Stone,stephanie.stone@mail.org
C149,Terry Huber,terry.huber@example.com
C261,Jeremy Barnes,jeremy.barnes@mycompany.net
C081,Joseph Wells,joseph.wells@mail.org
C106,Cheryl Wilson,cheryl.wilson@mycompany.net
C089,James Williams,james.williams@webmail.in
C229,Dr. Holly Juarez,dr..holly.juarez@mail.org
C131,Angela Schneider,angela.schneider@mycompany.net
C048,Zachary Hartman,zachary.hartman@webmail.in
C022,Karen Richmond,karen.richmond@webmail.in
C123,Jamie Gates,jamie.gates@mycompany.net
C134,Cassandra Marshall,cassandra.marshall@example.com
C094,Patricia Lopez,patricia.lopez@mycompany.net
C279,Donna Perry,donna.perry@example.com
C298,James Bradford,james.bradford@example.com
C051,Michael Olson,michael.olson@webmail.in
C101,Ashley Mccullough,ashley.mccullough@mail.org
C221,Ann Foster,ann.foster@example.com
C138,Lori Hill,lori.hill@webmail.in
C021,Andrea Martinez,andrea.martinez@webmail.in
C025,Suzanne Rhodes,suzanne.rhodes@mycompany.net
C055,Amanda Ferguson,amanda.ferguson@example.com
C139,Nicholas Ware,nicholas.ware@mycompany.net
C272,Laura Gordon,laura.gordon@mail.org
C173,Angel Bradley,angel.bradley@mail.org
C200,Christine Gray,christine.gray@webmail.in
C208,Mario Hill,mario.hill@mycompany.net
C078,Teresa Fletcher,teresa.fletcher@webmail.in
C250,Mary Higgins,mary.higgins@example.com
C044,Rebecca Dawson,rebecca.dawson@mail.org
C166,Gerald Thomas,gerald.thomas@mycompany.net
C152,Michael Hendricks,michael.hendricks@mail.org
C211,Karen Garrison,karen.garrison@example.com
C063,Holly Thomas,holly.thomas@mycompany.net
C252,Jonathan Harrison,jonathan.harrison@mycompany.net
C167,Henry Jackson,henry.jackson@mycompany.net
C040,Michele Alexander,michele.alexander@mail.org
C280,Diana Thompson,diana.thompson@webmail.in
C097,Richard Warner,richard.warner@mail.org
C107,Elizabeth Bender,elizabeth.bender@mycompany.net
C090,Philip Hanson,philip.hanson@example.com
C104,Joseph Mcbride,joseph.mcbride@mycompany.net
C224,Matthew Sims,matthew.sims@webmail.in
C079,Brian Jackson,brian.jackson@mail.org
C170,Victor Lee,victor.lee@webmail.in
C237,Karen Giles,karen.giles@webmail.in
C059,Gary Carter,gary.carter@webmail.in
C011,Karen Rivera,karen.rivera@webmail.in
C242,Megan Burton,megan.burton@mail.org
C026,Christopher Cook,christopher.cook@mycompany.net
C033,Nicole Haynes,nicole.haynes@example.com
C100,Jacqueline Wagner,jacqueline.wagner@example.com
C053,Nicole Richardson,nicole.richardson@mail.org
C086,Sheila Kaiser,sheila.kaiser@mycompany.net
C032,Ana Lambert,ana.lambert@mail.org
C084,Jerry Melton,jerry.melton@example.com
C284,Veronica Jones,veronica.jones@mail.org